biz_id,email,biz_name,firstname,trade,city,state,zip
db9be7e8-8e4f-4190-bf70-c6ac326dc0de,hello@thechillbrothers.com,The Chill Brothers,,hvac contractor,Dallas,Texas,
2cb639b1-372b-4a8c-9a7d-46975cbdf528,info@ehshvac.com,Efficient Home Solutions of Dallas,,hvac contractor,Dallas,Texas,
efae2ed5-105e-4772-940d-61dd69c15c8b,info@proactiveairconditioning.com,Proactive Air Conditioning,,hvac contractor,Dallas,Texas,
52dfa173-4a9c-49cc-abc1-c6d9b8a38907,services@astardfw.com,Astar Air Conditioning  Plumbing & Electric,,hvac contractor,Dallas,Texas,
dfef0fb1-d03b-421b-8aba-287c15fafd58,admin@alvizohvacservices.com,Alvizo HVAC Services,,heating contractor,,,
f9f44205-1b39-4436-9d6b-ab2866706123,charles@suburbanheatandair.com,Suburban Heating & Air Conditioning,,air conditioning contractor,Dallas,Texas,
80559336-52a5-475a-ad01-af3fc493f266,**contact-us@callmilestone.com,Milestone Electric  A/C  & Plumbing,,hvac contractor,Dallas,Texas,
979027e9-a0fd-454b-b8b1-a84dc4582c11,support@billygo.com,billyGO Air Conditioning & Plumbing - Dallas,,hvac contractor,Dallas,Texas,
6357b7d7-016a-4c37-b7b3-567010fca836,servicedfw@silverspurhome.com,Silver Spur Air  Heating  & Plumbing of Dallas,,hvac contractor,Dallas,Texas,
1e4e8923-70fa-41f0-af85-a5c031225dbc,info@highflowheatingacrepair.com,High Flow AC Repair,,hvac contractor,Dallas,Texas,
17b3316a-20c4-4817-a41c-04d7171559ea,acheating@gmail.com,A/C & Heating Installation Team - Rowlett AC Repair,,hvac contractor,,,
7261f01c-35ad-44e0-a9b9-b2c9429e8aad,info@metroacs.com,Metro Air Conditioning Heating & Services,,hvac contractor,Dallas,Texas,
41927a16-5874-412a-9692-7c39c80c2418,info@heshmaairconditioning.com,Heshma Air Conditioning,,hvac contractor,,,
dc88bbbc-8652-45fa-9560-36d694fe2501,info@rescueairtx.com,Rescue Air and Plumbing,,hvac contractor,Dallas,Texas,
c9604086-96ac-448e-b96e-bba87f8456f2,dallas.tx@aireservdallas.com,Aire Serv of Dallas,,hvac contractor,Dallas,Texas,
8722c9d6-8074-463d-87e4-dce09f007b92,info@acunitedfw.com,AC United,,air conditioning contractor,Dallas,Texas,
605dd9ad-0ca4-453c-aab2-8b3df982b84b,contact@lionkinghvac.com,Lion King Heating And Air Conditioning,,hvac contractor,Coppell,Texas,
f2442356-7ae3-44ce-90ab-af2381241ed3,sales@texairfilters.com,Tex-Air Filters,,hvac contractor,Dallas,Texas,
78e92c3f-985a-416e-a848-90fe42efcac7,contact@mysite.com,Dallas HVAC Techs,,hvac contractor,,,
4afb348d-cecc-4def-adcb-bd30f753c60c,cassie@f2z.e96.myftpupload.com,Hood Boss,,hvac contractor,Dallas,Texas,
94cbf93c-106c-4f7d-b68e-0bfc49ac4300,asaga@aaasg.net,Asaga LLC,,hvac contractor,,,
202077d1-e6c1-42f1-89b4-b016301154cf,info@dallasheatingandcooling.com,Dallas Heating and Cooling,,hvac contractor,,,
4c44d185-4b75-459a-a915-15a49f1e6b09,david@choosemaverick.com,Maverick Plumbing & Air Conditioning,,plumber,Dallas,Texas,
8f20b824-8fcc-416a-b98f-d8dabebceaae,sales@dmsprofessionals.com,Dynamic Mechanical Solutions,,air conditioning contractor,Dallas,Texas,
70d19fe7-f498-4173-983a-f6a3962b67a6,abs.servicerequest@gmail.com,American Building Services,,hvac contractor,Dallas,Texas,
7654f5f7-e1bf-4e2a-a23b-945121b6edd5,websupport@fisscosupply.com,Fissco Supply HVAC - Dallas,,heating equipment supplier,Dallas,Texas,
674d375c-5499-4e4a-be25-77bc29ed50d4,info@hvacexpertnearme.net,HVAC Expert,,hvac contractor,Dallas,Texas,
55b00876-d741-4442-906d-c1f15dc55c0c,info@ascentheatingandcooling.com,Ascent Heating and Cooling LLC,,hvac,,,
80f97eae-d7f2-41d8-b71f-ba467d1e0f54,rasconair@gmail.com,Rascon Air Solutions LLC,,hvac,,,
4e7a00ef-0db6-4fdc-8cfa-fbae0ac7f6ef,support@air-32.com,Air-32 Sales Office Dallas,,hvac contractor,Dallas,Texas,
1fc8cf63-49cc-4d8d-838a-541a7b6304ba,contact@mytexashomeservicesdfw.com,My Texas Home Services,,hvac contractor,Dallas,Texas,
f2b6e879-8e9b-469a-80f6-81aedae3bc03,info@edmillerservco.com,E D Miller Services LLC,,hvac contractor,Dallas,Texas,
23885326-0742-47c7-9e79-589b063c459d,info@innoservice.net,Assured Comfort Services HVAC services,,hvac contractor,Dallas,Texas,
a7bb6a33-5565-4ccc-99ef-f41cde65e8cd,staff@dalcoac.com,Dalco Air Conditioning and Plumbing,,hvac contractor,Dallas,Texas,
9cef2d54-06ed-4c1e-a8fe-9c9b4d11f71d,info@hvac-pros-of-miami.com,HVAC pros of Miami,,hvac,FL,FL,
6fc673e6-3b7a-4f55-99fb-7ace110c43cf,info@wynwoodac.com,Wynwood Air Conditioning and Refrigeration,,hvac,Miami,Florida,
9021c45d-d382-44c1-b361-f1da716a459e,info@floridahvaccontractorinc.com,Florida HVAC Contractors  Inc.,,hvac,Hialeah,Florida,
070de667-6e74-443c-806c-06013386364e,info@northpoleairconditioning.com,North Pole Air Conditioning,,hvac,Hialeah,Florida,
4c921c49-6e5f-49a4-a9a6-e57c598a0724,info@myangelservice.com,My Angel Service,,electrical,Miami,Florida,
cd705f13-d91b-4a2e-b424-19d1085db5c3,info@dolphinplumbingdrain.com,Dolphin Plumbing & Drain Inc.,,plumbing,Fort Myers,Florida,
397dfd92-6ee0-4c14-a1c8-01cdcef0fe2d,info@monahansplumbing.com,Monahan's Plumbing,,plumbing,Cape Coral,Florida,
8b56a6ee-ab19-436e-addf-bfe2a4a4d367,info@youngselectric.biz,Young's Electrical Contracting  Inc.,,electrical,Cape Coral,Florida,
e0ceb844-1609-4204-bc97-c43214d20bf8,info@simpleaction.com,Simple Action Air Conditioning West Palm Beach,,hvac,West Palm Beach,Florida,
5931de34-1627-4c51-a03c-c41d4d74cb80,info@whaleyac.com,Whaley Heating & Air Conditioning,,hvac,Tallahassee,Florida,
141e98e6-50a3-4590-be92-6d21928b76bb,info@perdidoelectric.com,Perdido Electrical Services,,electrical,Pensacola,Florida,
d580d0dd-4c83-4a26-a49a-ec0376132de7,info@csr-mechanical.com,Csr Air Conditioning Inc,,hvac,Miami,Florida,
6fa66c64-e1d9-45f5-bc50-6348bf9d68c4,info@refricenter.net,Refri-Air | HVAC Supply,,hvac,Miami,Florida,
fae51a7f-a413-440e-b1bb-ca626fe94b61,info@9coolac.com,All Air Conditioning Mechanical,,hvac,Hialeah,Florida,
ae27b240-9df4-4578-a63a-4992a4241ca9,info@apairconditioning.com,A & P Air Conditioning,,hvac,Hialeah,Florida,
766d921d-ff15-474d-acf2-94a2d1c1da33,info@castillowatts.com,CASTILLOWATTS,,electrical,Miami,Florida,
77550379-81b9-4adb-85f3-2881eb0d21f3,info@mikesplumbingswfl.com,Mike's Plumbing of Southwest Florida,,plumbing,Fort Myers,Florida,
b9909713-3d13-4d52-a0f5-c52dc76f521e,info@davisjrplumbing.com,Davis Jr. Plumbing  Inc.,,plumbing,Cape Coral,Florida,
eb18c9f5-a17d-4d2a-84e5-00daabeb92db,info@hallattelectric.com,Hallatt Electric Services,,electrical,Cape Coral,Florida,
16ab0b84-674f-4c7b-8545-e3574910c139,+tx/@33.238469,Masters Services Chimney & Masonry,,hvac contractor,Dallas,Texas,
00a95f95-414c-49bc-b3f8-d32882ccc18f,info@housedoctorplumbing.com,HD Plumbers Boca Raton,,plumbing,FL,FL,
d0389d54-aa73-4113-9efb-fe2681b60efb,info@airprosfl.net,Air Pros Heating & Air Conditioning LLC,,hvac,Tallahassee,Florida,
f26578c2-0e4d-4a19-8961-407f9437cd15,info@aeci.ws,Armstrong Electric Company Inc.,,electrical,Pensacola,Florida,
2f506b71-1ae8-441f-873d-98d8ac75bd4f,pinon.air.llc@gmail.com,Pinon Air Heating and Cooling,,hvac,Phoenix,,
18c86100-63cb-4cf9-91bd-3c6b41d17499,office@northernairac.com,Northern Air Mechanical Services,,hvac,Phoenix,,
61cf7758-1d40-4284-ac80-c6c0800d17a8,office@arizonagoldair.com,Arizona Gold Air,,hvac,Phoenix,,
1b816b92-cfb2-4686-9aa8-1b9438cef383,budgetcoolingandheating@gmail.com,Budget Cooling & Heating  LLC,,hvac,Phoenix,,
ebdd0b7a-875a-4627-9a20-d2d7237864c6,office@pandaairaz.com,PANDA AIR LLC,,hvac,Phoenix,,
a8ba9bcd-f30b-4ef2-bded-3a89ff7d59d4,info@trustpointaz.com,Trust Point Electric and Air,,hvac,Anthem,,
2c00adff-89d3-4f6b-b0b0-c6ffc49dc9d1,service@legendaryenergyaz.com,Legendary Energy,,hvac,Phoenix,Arizona,
304b94a6-af07-4fa8-aeab-59fe9dfb2b3d,monsterairllc@gmail.com,Monster Air & Mechanical LLC,,hvac,Chandler,Arizona,
c85503e1-0a44-4b5e-bf7a-a538b90dcc99,info@valleysbestac.com,Valley's Best Heating and Air Conditioning,,hvac,Phoenix,,
41c29788-a836-4673-8a99-cdcd2368396c,info@acdudes.com,Weather Masters,,hvac,Mesa,Arizona,
effd10aa-d7ec-4d88-a3d4-d4265ddaf24d,info@martinairhvac.com,Martin Air HVAC,,hvac,Mesa,Arizona,
9f19d25b-67e2-4af5-8c55-709973d27816,kevin@preciseairandheating.com,Precise Air & Heating,,hvac,Gilbert,Arizona,
690c12ae-671e-4b11-bab6-207b11d4c14c,mail@schillerair.com,Schiller Heating & Cooling  Inc.,,hvac,Tempe,Arizona,
32195351-baa4-4c44-9797-a5b80b7cd8ae,vesselhomeservices@gmail.com,Vessel Home Services LLC,,hvac,Mesa,Arizona,
2e398224-e503-48e0-8d41-af0e41c4f581,info@heathsair.com,Heath's Air LLC,,hvac,Mesa,Arizona,
b442bf33-e902-4351-b6e4-c08897b5be34,reid@kenmuncy.com,Ken Muncy Air Conditioning,,hvac,Chandler,Arizona,
a2846981-db37-4182-ac5f-8a6dcdb44a1c,+az+85233/@33.3459575,Cooper Climate Control,,hvac,Gilbert,Arizona,
d662203a-586c-4ca6-ab2f-120d200f51f1,info@phxairdept.com,Phoenix Air Department,,hvac,Tempe,Arizona,
b1915687-cfad-464a-b443-1e07d6f979a3,admin@jdlrefrigeration.com,JDL Refrigeration,,hvac,Mesa,Arizona,
1f9612a1-b5a3-4c2d-8dd4-9cbbe6c8d3e7,office@azcompassair.com,Compass Air Conditioning & Furnace Repair,,hvac,Scottsdale,Arizona,
c5c3ddfe-0d09-4080-ae6c-823351775309,customercare@semperfiheatingcooling.com,Semper Fi Heating and Cooling,,hvac,Tucson,,
1027e4e7-bf4d-44b6-a287-1a9294ece4c5,%20service@doctorheatpump.com,Doctor Heat Pump,,hvac,Las Vegas,,
fcafae4a-e6e5-480e-9318-abfea6716c34,info@aricoplumbing.com,Arico Plumbing Heating Cooling,Arico,hvac,Tucson,,
31cc90a2-7db1-4ab2-abfb-c678860a31a8,info@comfort1ac.com,Comfort One Air Conditioning,,hvac,,,
470d4788-c536-4e26-a67b-93877c0a612b,info@sgmechanicalair.com,SG Mechanical Heating & Air,,hvac,Phoenix,Arizona,
25044a43-40a3-477e-b94e-4152090d7718,service@completecomfortaz.com,Complete Comfort Home Services,,hvac,,,
5ceb2e0c-707d-40d0-9207-9adf7334e312,info@shamrockheatingandcooling.com,Shamrock Heating & Cooling,,hvac,Tempe,Arizona,
1583597d-88f1-44c7-b316-f05552b67a04,tom.accurate@gmail.com,Accurate Air,,hvac,Tempe,Arizona,
e5fd4785-af53-431a-b4f8-832d210eb460,service@markdanielsac.com,Mark Daniels Air Conditioning & Heating,,hvac,Mesa,Arizona,
1ae21185-49a3-47ba-bbef-e200614b3aff,office@cactusplumbingandair.com,Cactus Plumbing And Air,,hvac,Scottsdale,Arizona,
1263b556-0980-4597-a8b6-66fa78a84ea8,//www.google.com/maps/place/the+ac+team/@33.5196887,The AC Team Heating & Cooling LLC,,hvac,Glendale,Arizona,
6aa6630b-1e22-44db-9204-215c51634600,info@newacunit.com,newACunit,,hvac,Chandler,Arizona,
ea2c8c10-f425-4c72-a4c1-255170b82169,justairac@gmail.com,Just Air LLC,,hvac,Phoenix,Arizona,
209a36d8-a055-4ad6-b3c9-8db2e1455a72,info@alaskanac.com,Alaskan Air Conditioning & Heating,,hvac,Scottsdale,Arizona,
708bf491-a6dc-4eba-8b80-5b4ed1b5207a,info@truehomeac.com,True Home Maintenance Air Conditioning & Heating,,hvac,Mesa,Arizona,
d3faa67d-ba6e-429e-b535-34d8d1f952c9,4himcooling@gmail.com,4Him Cooling and Heating Co,,hvac,Phoenix,Arizona,
84881ab0-dd96-4ba9-9867-f0bb840df39d,info@emergencyplumbersmiami.com,MIAMI SERVICE PLUMBERS | Emergency Plumbers in Miami,,plumbing,Miami,Florida,
f7b2bb39-a1b5-4e45-9c84-ccde658ca72d,info@longmanelectric.com,Longman Electric,,electrical,Miami Shores,Florida,
98e47904-ca6b-4ea5-a14c-30e39d80406a,info@tranquilityplumbing.com,TRANQUILITY PLUMBING  INC.,,plumbing,Fort Myers,Florida,
0dab4a13-f663-4a24-ab57-cdd25518be4c,info@franzeseplumbing.com,Franzese Plumbing Inc.,,plumbing,Cape Coral,Florida,
e8062277-b28c-440c-ab95-cee8774b89a2,info@phoenixelectriccorp.com,Phoenix Electric Inc.,,electrical,Cape Coral,Florida,
14a1f597-d6db-417a-9008-92ccfe859dfd,info@teamplumbinganddrains.com,Team Plumbing and Drains,,plumbing,Boca Raton,Florida,
6b6e4f27-9674-43b7-ab6f-07e5a05d4df2,info@whitesandselectric.com,White Sands Electric,,electrical,Pensacola,Florida,
cc8ebd06-2f22-4f61-9a1a-02ec7b45aaa7,sales@hjac.com,Harlen Johnson HVAC  Plumbing & Electrical,,hvac contractor,Dallas,Texas,
58c473c0-4e16-4509-8f59-14a9f9022162,sslothou@ur.com,United Rentals - Climate Solutions,,hvac contractor,Dallas,Texas,
5fcc6715-79f9-41e8-bb4a-e7f555bfe880,coolmasterservices25@gmail.com,Cool Master Services,,hvac contractor,,,
b0fa4030-89ff-4f17-a0a2-2c513f07efc7,davidm@gladiateair.com,Gladiate Air Conditioning & Heating LLC,,hvac,Phoenix,Arizona,
30033c73-10d9-414f-bcab-8e70d1c4d307,service@calllocalroots.com,Local Roots AC and Plumbing LLC,,hvac,Phoenix,Arizona,
e77d6100-3b35-47fe-b553-ecbb0b0688f9,service@snowfrosty.com,Snow Frosty Heating & Air Conditioning  Inc.,,hvac,Las Vegas,,
de0ede2e-2a52-4abf-8e36-c1c817fe34d3,firstclassairnv@yahoo.com,First Class Air  Llc,,hvac,Las Vegas,,
8e736ddd-4bc2-4baf-a44a-8c7bf33b0e43,service@mearsac.com,Dial One Mears Air Conditioning & Heating Inc,,hvac,Phoenix,Arizona,
112260ae-0a7a-430a-a4c5-830cedaf7730,info@forrestanderson.net,Forrest Anderson Plumbing & Air Conditioning,,hvac,Glendale,Arizona,
f5a2573e-d897-460c-87c3-3d65e1fe27b1,dispatch@callwaycool.com,Ufirst Heating & Cooling,,hvac,Glendale,Arizona,
df1ef6ca-8526-47cf-a37d-0f51d1065e8e,service@scottsdaleair.com,Scottsdale Air Heating & Cooling,,hvac,Phoenix,Arizona,
a3d7cca0-5428-4c29-b8ea-326d10bf5721,info@tscair.com,TSC Air,,hvac,Tempe,Arizona,
38ec49f7-11f9-420b-b23e-d915ac2a126c,signatureacjim@gmail.com,Signature Air conditioning & heating,,hvac,Las Vegas,,
83dc5ef8-80d6-4a30-8d17-4fc1b65f18e0,tucsonsaguaroair@outlook.com,Saguaro Air Heating & Cooling,,hvac,Tucson,,
05076f22-cd90-402e-876e-acd3fdc4f1ef,info@rinconac.com,Rincon Air Conditioning,,hvac,Tucson,,
b9e55487-e12a-4284-a879-efb1b16ca344,contact@fourseasonsjet.com,Four Seasons Service Company,,hvac contractor,Dallas,Texas,
d93f912a-7d2c-4353-bc3f-9753a228fb5b,ac.concierge@legacyairconditioningservices.com,Legacy Air Services  LLC.,,hvac contractor,Dallas,Texas,
063cb6e3-589f-408d-ae37-9c074d9a374f,info@thefixerrepairs.com,Quick Thermador repair service,,hvac contractor,Dallas,Texas,
d539d121-3e4a-4919-87cb-ff0920e4a2ef,airtrondataprivacy@resservices.com,Airtron Heating & Air Conditioning,,hvac contractor,Dallas,Texas,
dcf20e7a-c413-43aa-bbbf-f22d64dbf591,info@vegasairducts.com,Las Vegas Air Duct LLC,,hvac,,,
c3adfad4-bfeb-4f44-b3f8-4b7f6582b46b,info@60degreesfl.com,60 Degrees,,hvac,Miami,Florida,
00495042-eb33-4c81-87d5-1ab29ae8e8fd,info@miamihp.com,Miami Heat Pump -Geothermal Heat Pump,,hvac,Miami,Florida,
6b89e883-1fd2-4dd0-9bce-a8242681998f,info@ahvacrepairhialeah.com,A+ HVAC Repair Hialeah,,hvac,Hialeah,Florida,
7780724d-9d22-45cb-a8cd-e900805527db,info@ezmiamiplumbing.com,EZ Miami Plumbing,,plumbing,FL,FL,
3c866fb1-0358-4f6d-b574-639355132bbf,info@capecoralplumbing.com,Cape Coral Plumbing Inc,,plumbing,Fort Myers,Florida,
d91287d4-7e74-40c6-b7db-436ca84ad971,info@sewellsplumbingservicesinc.com,Sewell's Plumbing & Air Services,,plumbing,Bradenton,Florida,
1e8b5c44-b63e-4e8b-887e-749709e55476,info@hatchelectricalservices.com,Hatch Electrical Services  LLC,,electrical,FL,FL,
e1e05d32-ca35-479f-8c24-fe6d39441121,info@bocaratonemergencyplumbingsfl.com,Boca Raton Emergency Plumbing SFL,,plumbing,FL,FL,
780b1d44-86a2-496b-92ff-dc5911846c37,info@scapinelectric.com,Scapin Electric,,electrical,Pensacola,Florida,
db176ac4-b7ad-47e2-9cf2-378b97aadf25,airexcellenceaz@gmail.com,S & S Air Conditioning & Heating,,hvac,Tucson,,
8c6ecf90-b606-4b81-b4d7-bb85d5de31ed,info@tucsonhvacexperts.com,Tucson HVAC Experts,,hvac,Tucson,,
a6732c44-e6f3-4a3b-9876-30d224f46bb9,customer.support@ferguson.com,Ferguson HVAC Supply,Ferguson,hvac,Tucson,,
b8786501-8e36-4715-bdfa-68c5725e22f7,mike@hughesairco.com,Hughes Air,,hvac,Mesa,Arizona,
c2d4bbb9-6a54-4b7c-9aec-56b27fef7d9f,+inc./@33.4366654,Patriot Air  Inc.,,hvac,Tempe,Arizona,
f63e80f0-664c-4c25-9e42-f9bc1f9f8118,kimberly.martinez@adminbaseai.com,Red Mountain Air Conditioning,,hvac,Mesa,Arizona,
13474f99-cc1e-4cea-94e1-d2e9166eb066,azhonorhvac@gmail.com,Honor HVAC,,hvac,,,
dc378ee1-bc86-4a2c-acf9-b7d78dad57f8,info@mechanicalbrothersac.com,Mechanical Brothers Heating and Cooling LLC,,hvac,Phoenix,,
33e29bef-eed7-4465-8f88-c5687f7e1479,team@coolingmen.net,Cooling Men,,hvac,,,
ab44b471-4dcb-4650-9543-b1e526168cab,aguilaracrepair@gmail.com,Aguilar A/C & Heating Inc.,Aguilar,hvac,,,
b3378fb9-f874-4f07-96cc-3c8d41c7077f,gonzaleshtandcl@aol.com,Gonzales Heating & Cooling,,hvac,Phoenix,,
a7dd4893-67c2-47c7-b69f-32f3fad99ec9,mike@desertstateairaz.com,Desert State Air,,hvac,,,
069f05ce-8e35-4d82-92d3-7208d906f349,azcomfortairhelp@gmail.com,az comfort air,,hvac,,,
7615f92e-cc66-4a19-a7d5-bc63c453c73a,info@callfcs.com,Fresh Comfort Solutions,,hvac,Phoenix,,
e57f3f4a-9819-494b-bece-d4eb7501dc6d,alvin@einsteinpros.com,Einstein Heating and Cooling Phoenix AZ,,hvac,,,
35debdcc-d4ad-4e96-9930-658ae5daf266,sales@biltmoremechanical.com,Biltmore Mechanical Heating And Cooling LLC,,hvac,Phoenix,,
a3fb4bcc-2abe-47f7-b9f3-e4cb1afc534d,micah@micahrich.com,Skilled Solutions,,hvac,Cave Creek,,
12fca277-2e50-489e-98fe-df7487506ae8,info@desertheroeshvac.com,Desert Heroes HVAC,,hvac,Phoenix,,
b6bd3bb9-e5f7-4053-bedb-8d4f19cb4c2a,info@airbenderacrepair.com,Airbender Heating and Cooling HVAC,,hvac,Phoenix,,
0b032980-d1fa-4e4c-993a-fbd42da6556c,anosta@gmail.com,Pacific West Air Conditioning & Heating LLC,,hvac,Las Vegas,,
ab20eddf-edfb-4e29-8445-edfbe47dcc90,info@tanana.vegas,Tanana Air Conditioning & Heating,,hvac,Las Vegas,,
9008b845-4bfd-401a-a570-d1670a0f7d5b,info@24-7airconditioningservice.com,24/7,,hvac,Hialeah,Florida,
c46c6a59-2d4e-4026-a009-500cdbb467de,info@just1plumbing.com,Just 1 Plumbing,,plumbing,Miami,Florida,
5750fb78-8063-48dd-8ea8-0b14e5acdf11,info@miamielectricalcontracting.com,Miami Electrical Contractors llc,,electrical,Miami,Florida,
cfae9d6c-1d7b-46aa-8931-6f999bf32ebc,info@moonplumbingswfl.com,Moon Plumbing of SW Florida,,plumbing,North Fort Myers,Florida,
fbce59c2-ea64-4a58-a4b7-bb053658fe59,info@flowtechplumberbradenton.com,FlowTech Plumber Bradenton,,plumbing,Bradenton,Florida,
7c99639e-1c5d-429f-bc3e-d331cd204087,info@usmapiz.org,DEI Electric  LLC,,electrical,Cape Coral,Florida,
da05bc57-4b4c-4ecc-8638-74c5ea71e7c9,help@tuffixpro.com,TuffixPro Heating & Cooling,,hvac,Las Vegas,,
0aaefdfe-127f-4338-9226-ba4da257a28f,office@coolcnceptsusa.com,Cool Concepts Inc.,,hvac,Las Vegas,,
2d80f6ec-02e2-4971-a065-b28f2a486c74,info@energysmartfresno.com,Energy Smart Engineering in Phoenix  Arizona,,hvac,Glendale,,
7dcc7437-c673-44cf-a9ab-345dc9c53f4e,info@fivestar-air.com,Five Star Air,,hvac,Phoenix,,
3b7fa3e5-d531-4246-a652-8113b9535654,services@xtremeairaz.com,Xtreme Air  Inc.,,hvac,Phoenix,,
10f67dea-fd7b-42bc-804a-e2ed9bd53f37,geno@rapidrestaurantrepair.com,Rapid Restaurant Repair  LLC,,hvac,Phoenix,,
13a1c26f-18b0-400a-bc54-0d73444ff20d,contact@karlmeyer.com,Karl Meyer Air Conditioning & Heating,Karl,hvac,Scottsdale,,
c88fa207-9d20-4194-91a0-9f8fb66b2805,help@varsityzone.com,Varsity Zone HVAC of North Phoenix,,hvac,Phoenix,,
4ad2739b-09d4-4ce1-b874-b68a84ae47f4,info@freehtml5.co,King Mechanical LLC,,hvac,Phoenix,,
855f0a50-9d92-4743-bf79-d45e062b8f9b,service@instantheatingandair.com,Instant Heating and Air  LLC,,hvac,Phoenix,,
0e9a897f-14e8-4f6f-8d5e-5b21ee4bdefe,service@kademech.com,KADE MECHANICAL  LLC,,hvac,Phoenix,,
bc5e24cd-7ef6-471e-a70f-e1f00884ee2a,admin@azgaac.com,Great American Air Conditioning,,hvac,Phoenix,,
128c8ca5-f4da-4e59-aa5f-865bc9017892,info@jjacsupply.com,J&J A/C SUPPLY INC.,,hvac,Miami,Florida,
b2fcb079-5126-4862-b00e-c0c19b9ee02d,info@saezdistributors.com,Saez Distributors - Hialeah,,hvac,Hialeah,Florida,
de995356-a043-4fb2-9728-cbc932a258d5,info@akoplumbing.com,AKO Plumbing Corp.,,plumbing,Miami,Florida,
a62f88ba-bba2-42cb-9e02-5a8f81fb32de,info@graybar.com,Graybar,,electrical,Portland,Maine,
03b5faa3-becc-40d3-bb0c-abc71ae2d854,info@pbplumbingparts.com,Palm Beach Plumbing Parts Inc,,plumbing,Fort Myers,Florida,
03ad0498-1b49-49f3-b56f-665aa6738ede,info@graybellplumbingfl.hibuwebsites.com,Graybell Plumbing Repair Inc.,,plumbing,FL,FL,
c3e851b6-be90-4f00-9f52-c22a2b333183,info@mikepatrickelectric.com,Mike Patrick Electric Inc,,electrical,Cape Coral,Florida,
0e7fc81a-5dd3-43b4-bad5-bebaa6172f9b,info@eesplumbersbocaraton.com,EES Plumbers Boca Raton,,plumbing,FL,FL,
cf6a0399-d459-4f8b-b05f-fbc46bede763,info@rewirepensacola.com,JAMES E. SIMMONS ELECTRIC CO. INC.,,electrical,Pensacola,Florida,
defe614a-15e4-4068-bddc-018630209df5,service@vegashvacpros.com,A&J Air Conditioning & Heating LLC,,hvac,Las Vegas,,
91d58d63-d4c5-4052-bb1a-65ef20309496,contact@acherolasvegas.com,AC Hero Las Vegas,,hvac,Las Vegas,,
8d1c7b6e-81f9-409d-8da6-7521f244fdfb,info@saveonairconditioning.com,Save On Air Conditioning & Plumbing Repair,,hvac,Las Vegas,,
9534890a-879c-42cc-9085-1058aa9a9e5b,help@rapid911.net,Rapid Refrigeration,,hvac,Las Vegas,,
c2df9e1a-b02d-46f9-a9cd-607324bfeadb,office@coolconceptsusa.com,Cool Concepts Inc.,,hvac,Las Vegas,,
b6f7499d-9bd9-438a-8d37-0b3753eb9cd1,acelasvegas28@gmail.com,Air conditioning experts las vegas llc,,hvac,Las Vegas,,
25289dad-460e-4aca-a243-af4d7331aee9,icoolvegas@gmail.com,iCool Heating & Cooling,,hvac,Las Vegas,,
da0fd6b9-ba3a-4037-8e12-f575b0e8b33e,info@hvac.filterbuy.com,Filterbuy HVAC Solutions - Miami FL - Air Conditioning Service,,hvac,Miami,Florida,
5543233c-b2ea-4de1-860e-3e358db1443a,info@airconmgt.com,Aircon Management,,hvac,Hialeah,Florida,
4970d3ba-143e-4f20-8258-35923443df9e,info@miamifloridaplumbing.com,Ez Plumbing Repair Services,,plumbing,Miami,Florida,
4214435e-cd47-4565-bb64-a2d2b32ead99,info@affordableelectricservicesco.com,Affordable Miami Electric Services,,electrical,Miami,Florida,
b463eb5d-a8fe-4741-a56a-79427e8691fd,info@naples-air-conditioning.com,Naples Air Conditioning LLC,,hvac,Naples,Florida,
1ed838a9-1b06-42a9-854c-88a3744d9af2,info@rosarioelectricfl.com,Rosario Electric LLC,,electrical,Cape Coral,Florida,
c66ed479-dea9-4e02-8044-7849c85a4182,info@gatorec.com,Gator Electrical Contractors,,electrical,Cape Coral,Florida,
d2b0941a-a602-4f9d-bbf1-13486daa1789,info@bestwaterheater.com,Mr Water Heater of Florida LLC,,plumbing,Boca Raton,Florida,
1d6369b7-e7a4-436b-8dfb-2c6b75ad2943,info@johnsonelectricse.com,Johnson Electrical Services,,electrical,Pensacola,Florida,
6993a9b9-22eb-428c-8dcc-a41c82866dd5,info@allfloridaairandheat.com,ALL FLORIDA AIR AND HEAT,,hvac,Hialeah,Florida,
3185aaa9-84e3-454f-a79a-aeaae3d2046b,info@plausol.com,Plaudit Solutions Air Conditioning & Parts,,hvac,Hialeah,Florida,
1212b70e-ed47-4aec-ae56-c5a59b5d2bee,info@eco1plumbingmiami.com,Eco 1 Plumbing LLC,,plumbing,FL,FL,
8fa623f9-b225-4773-957e-84cae6fa75d0,service@walkerplumbingaz.com,Walker Plumbing & HVAC,Walker,hvac,Phoenix,,
4bf45997-d499-4d9e-8529-620def0d49e1,coldstingerllc@yahoo.com,Cold Stinger Heating And Air Conditioning Phoenix Arizona,,hvac,Phoenix,,
dd3ae08f-6baa-4cf2-b71b-23aa026ae0fc,frost.refrigeng@gmail.com,HVAC Refrigeration Frost Refrigeration Engineering LLC,,hvac,Phoenix,,
eae8223a-bcaa-41e7-82fc-14702882e995,javed.hashmi201@gmail.com,Your Scottsdale HVAC,,hvac,,,
d6cdb7d1-ad97-49ee-b54a-cc1e92952975,info@thcmechanical.biz,Total Heating & Cooling Mechanical LLC,,hvac,Phoenix,,
f94bc3cb-0809-446f-af05-f371e2a3fb66,info@ablesmechanical.com,Ables Mechanical,,hvac,Phoenix,,
135cb371-31dc-4fef-a100-d1fad6fd7809,ssairandheating@gmail.com,SS Heating & Air Conditioning,,hvac,Phoenix,,
424df268-7d8c-41f0-9f3b-b2de7a48bff3,alex@royaltyac.com,Royalty Air LLC,,hvac,Tolleson,,
9d78ee89-1187-4a77-a070-9a18d6f61613,mary.johnson56@email.com,Prime AC Repair Phoenix,,hvac,Phoenix,,
6b4b3d49-ce4f-4508-8947-31301bab7658,//www.google.com/maps/place/adams+refrigeration/@33.4688132,Adams Refrigeration,,hvac,Phoenix,Arizona,
d1ec0232-c073-4811-b304-940479b84932,support@ctsairconditioning.com,CTS Air Conditioning and Heating,,hvac,Phoenix,,
c2b489f8-2f36-484c-84fc-835897f9527a,jonpinhorn.typedesign@gmail.com,SPD REFRIGERATION LLC,,hvac,Phoenix,,
c9edd832-2b4d-4b21-a458-ee81ec00e675,office@smechusa.com,Superior Mech,,hvac,,,
c5b2fa4c-82e8-4b78-9ff7-e4ba7d2df25c,info@honesthvaccompany.com,Honest HVAC Installation & Repair - Way,,hvac,Phoenix,,
bad14597-a735-45eb-9a52-a522fc0333b5,leo@agevac.com,AGEVAC Heating and Cooling,,hvac,Las Vegas,,
dbfd3d93-fbb6-4192-a57c-3b6348bfa125,acairtech1llc@gmail.com,Air Tech Air Conditioning Repair and Installation,,hvac,Las Vegas,,
e52a81ee-f331-4919-908c-ee75a998cc55,info@nandqelectricandplumbing.com,N & Q Electric & Plumbing Miami,,electrical,Miami,Florida,
c87bd8a7-8ed5-49fa-bf67-c775eee87550,info@presidentialac.com,Presidential Air Conditioning,,hvac,FL,FL,
e580bd6e-2b86-4687-bee6-a18cb0438fe4,info@perfectconnectionsec.com,Perfect Connections Electrical Contractor,,electrical,Cape Coral,Florida,
168ed09d-8436-4a41-b243-0741e524ab0d,info@jermarelectric.net,JERMAR Electric Service  Inc,,electrical,FL,FL,
f33873b4-4dd9-4fa4-a380-d0da4ef5538c,info@calyplumbing.com,Caly Plumbing Boca Raton,,plumbing,Boca Raton,Florida,
87cd1274-74e6-439e-ba40-b96d440e624c,info@mclemoreelectric.com,McLemore Electric Inc,,electrical,Pensacola,Florida,
e99c7723-4842-49e5-a96a-bc33d19b1926,contact@vegasairpro.com,Vegas Air Pro,,hvac,Las Vegas,,
69fbb5c7-c08c-4c28-acc9-40184face5d6,service@hightempair.com,High Temp Air Conditioning Inc.,,hvac,,,
222bcd28-3298-4508-9b9e-0c49593b792c,contact@technoclima.us,Technoclima LLC.,,hvac,Las Vegas,,
9ef2e1d7-5fe9-497b-8d8e-ca7b4e81529e,info@hialeahacservices.com,Hialeah AC Services,,hvac,Hialeah,Florida,
7c8a9520-313b-4aff-b6d0-9b4f19047090,info@universalhvac.net,Universal HVAC Corp,,hvac,Hialeah,Florida,
f09891f4-1ff2-4ba8-b34b-ccb47c507157,info@mainstreamhvacr.com,Mainstream HVAC,,hvac,Hialeah,Florida,
2e7a7b12-1e2b-4e99-88f0-e195a02ccf1f,info@aircondmechanical.com,Aircond Mechanical Air Conditioning & Heating Corp,,hvac,Hialeah,Florida,
406857f4-463d-44b0-8fd1-fd35444414c5,info@miamishoresplumbing.com,Miami Shores Plumbing,,plumbing,Miami,Florida,
d8869c65-ef7b-4895-b866-3865fe78d20e,info@arcticair4me.com,Arctic Air Home Services,,hvac,Fort Myers,Florida,
26dcfe06-fee6-4ff1-8a8e-1c63bcbcca87,info@kristianair.com,Kristian Air Inc,,hvac,Naples,Florida,
a68152ae-0002-4aae-82a0-858367190f88,info@ncselectric.com,NCS Electric  Inc.,,electrical,Cape Coral,FL,
24848556-ad3d-4e2f-b047-6b18de6bd4bc,info@capecoral.portalced.com,Raybro/Ced,,electrical,Cape Coral,Florida,
451ef5ec-90fb-40c2-86f6-99908bb7ad7d,info@eliteplumbingandbackflow.com,Boca Elite Emergency Plumber & Backflow Testing,,plumbing,Boca Raton,Florida,
6587be90-77a7-486b-94e2-040662f2b93d,info@watsonselectric.com,Watson's Electric  LLC,,electrical,Pensacola,Florida,
c7d9e491-82f6-4695-9b40-9dd13a4e94ec,info@priorityairconditioning.com,Priority Air Conditioning,,hvac,FL,FL,
5001b741-4de0-4ec9-8838-ea6f58091cb4,dispatch@ahrmechanical.com,AHR Mechanical Services,,hvac,Tempe,Arizona,
85d2c919-7c4c-4ae9-b9db-709afb227d0f,office@americahomeservicesllc.com,America’s Home Services Of Chandler,,hvac,Chandler,Arizona,
3e3735e2-f536-4a89-a37e-a7081b337d59,%20support@sixstarac.com,Six Star AC & Refrigeration,,hvac,Phoenix,Arizona,
b666e986-1121-4ba5-af79-a01a21dcf3d1,theairamedics@yahoo.com,Airamedics Heating and Air Conditioning LLC,,hvac,Chandler,Arizona,
878afa29-c48f-4690-bedd-f09f4f14ab2f,norrisair@norrisairinc.com,Norris Air,,hvac,Mesa,Arizona,
13e03af7-d5a3-45e1-8556-bd3d03eda79f,john@pricemyac.com,PriceMyAC.com,,hvac,Tempe,Arizona,
03709ab6-22d2-4f1d-8069-7aef9f7f0bf9,support@alansairplumbingaz.com,Alan's Air,,hvac,Mesa,Arizona,
4040528c-362e-4dde-9d45-6f9b48222a98,atticbrothershs@yahoo.com,Attic Brothers LLC Heating & Air Conditioning,,hvac contractor,,,
58ff06a6-9739-49fa-972f-e67562c38cd8,info@coolhotguysac.com,Cool/Hot Guys AC,,hvac,,,
bbdc0d6c-e8b7-4f62-ae03-df8b7efd9b66,service@1stchoiceairductcleaningdallas.com,1st Choice Air Duct Cleaning Dallas,,hvac contractor,Dallas,Texas,
f76c990e-c620-42f0-a832-64387bff85cd,office@mondragonac.com,Mondragon Mechanical LLC,,hvac contractor,Dallas,Texas,
ca60bb3e-6e48-447f-98bd-45568a3a3c9a,sales@cleanair.services,Clean Air Services,,hvac contractor,,,
13937512-86e8-4d3c-b135-57bdbabd3a5a,info@actechsdfw.com,The AC Techs,,hvac contractor,,,
2e4eb21d-9fcd-46a6-a907-fa96928d1db4,office@arizonacomfortspecialists.com,Arizona Comfort Specialists,,hvac,,,
94467854-6fcf-4b3d-83b1-bbcfa61f8f20,listings@elevatedsolutionsteamllc.com,Elevated Solutions Team,,hvac contractor,Dallas,Texas,
c4bb44ce-f9a1-4b69-93ea-f1928045becc,gilbert@jadeair.net,Jade Air  LLC,,hvac contractor,Dallas,Texas,
3971e2a9-132c-47fb-b802-e03fbdaf950a,onaidi@brocardac.com,Brocard Air Conditioning & Heating,,hvac,,,
ea9eb033-9134-46b7-a753-3e3766055edc,info@aragonmechanical.com,Aragon Mechanical LLC,,hvac,,,
12255278-6c97-4ebd-a7d7-2d67eee8fdab,support@bigsky-hvac.com,Big Sky HVAC,,hvac,,,
1c7d64eb-48e4-4c91-bcc6-50f9815ed76f,xcoolingandheating@gmail.com,Xcellence Cooling and Heating LLC,,hvac,,,
0c801a5b-bf5c-4824-9fd8-fe8027e2b424,ziggychllc@gmail.com,Ziggy Cooling Heating LLC,Ziggy,hvac,,,
e3cfe74f-154e-468d-8a81-090c6a00d367,services@brchillerparts.com,BR Chiller Parts LLC,,hvac,,,
5f8c3fee-12d8-47de-b1be-3aef23ed4c70,info@djvhvac.com,DJV Heating & Cooling  LLC,,hvac,,,
d658d2d6-c815-40c6-a78a-23ac000e0398,barrettsprohvac@gmail.com,Barrett's Pro HVAC,Barrett,hvac,,,
09ec87f6-8a36-4c5d-801a-19966d2ebd31,contact@azhvacking.com,HVAC King,,hvac,,,
602cbde4-09b0-4308-aa8a-3216ef00128e,service@breezyblast.com,Breezy Blast,,hvac,Las Vegas,,
7a959a90-f05e-43c8-8ed3-1a2c1dc27467,info@azbluecity.com,Blue City Cooling and Heating,,hvac,,,
3c9ce619-325e-4b05-8311-1b6c1d5b45d4,info@air75hvac.com,Air 75,,hvac contractor,Dallas,Texas,
835e5c01-d96b-4fc4-8855-c59d2d81f3b1,comfort@berrybestservices.com,Berry Best Cooling & Heating,,hvac contractor,Dallas,Texas,
f697ad32-a378-4170-b191-63c6a687ed50,sales@salaair.com,Sala Air Conditioning,,hvac contractor,Dallas,Texas,
802114ad-9046-4513-a14e-a8e3bf8caed9,filler@godaddy.com,Constant Heating & Air,,hvac contractor,,,
0c9aabaa-a11a-46a0-b563-9d41bf70d9e4,support@mgsites.net,Andrews A/C And Heating,,hvac contractor,Dallas,Texas,
ba65ee6c-cfd6-483f-83da-b8a4feec0f40,info@lexairconditioning.com,Lex - Air Conditioning  Heating  Plumbing  Electrical,,hvac contractor,,,
5385c8ab-f5fc-449e-9ac8-c0f33d0be746,spencer@cowboycoolinghvac.com,Cowboy Cooling HVAC,,hvac contractor,Dallas,Texas,
3a835210-287b-4c20-a8cf-e65e35b3336c,info@mycoolingcompany.com,My Cooling Company,,hvac contractor,Dallas,Texas,
7bf6cb3f-afec-4d6a-87ce-60406d9dad02,info@citi-air.com,Citi-Air Service  Inc.,,heating contractor,Dallas,Texas,
7cf5398d-43fc-4688-85da-b53d634c05e9,seabasshvac@gmail.com,Seabass Air Conditioning & Heating LLC,,hvac contractor,,,
69115fec-72e0-4d69-bc82-4413b7ef0854,cynthiajocollier@me.com,Commercial Air Services,,hvac contractor,Dallas,Texas,
679a28b2-49d0-4fad-9930-05d7c51717f0,araceli@aguilarsac.com,Aguilar's Heating & Air,,hvac contractor,,,
ed4351a9-e136-40a6-b93e-401a67cca59c,service@egohvac.com,EGO HVAC Services LLC,,hvac,,,
91496cd6-ae34-40fc-95e7-2e364f435ed2,contact@sansoxygen.com,Monarch Hvac Services LLC,,hvac,,,
407502de-a24f-48ae-9351-76fee0cf62c8,info@hvacserviceandrepair.net,HVAC Services and Repair,,hvac contractor,Dallas,Texas,
19ee9ba4-a359-4c78-9f5d-f51672faf343,support@nonstopheatandair.com,Nonstop Heating & Air Conditioning,,hvac contractor,Dallas,Texas,
ab360d1a-3493-4e31-954b-303a7df95b65,info@allaroundhvac.net,All Around HVAC,,hvac contractor,Dallas,Texas,
8e1689bf-57c4-46a0-832c-8b9ae16acf94,scott@reynoldsheatnair.com,REYNOLDS HEAT N AIR,,hvac contractor,Dallas,Texas,
fe2e96ef-04c3-42c0-897e-5532930723ee,service@americancoolingandheating.com,American Cooling And Heating,,hvac,Gilbert,Arizona,
bb128b12-e0ae-4eab-a1f8-eea4f05641ee,contact@parkcitieshvac.com,Park Cities HVAC,,hvac contractor,Dallas,Texas,
20f23ebf-d6d9-4adc-8eee-5d1219359177,discountairconditioningandheat@yahoo.com,Discount Air Conditioning & Heating,,hvac contractor,Dallas,Texas,
be8fa582-3a6e-46fc-8f6c-cd124c67ea87,daynightairtech@gmail.com,Day and Night Airtech LLC,,hvac contractor,,,
86d3155f-4adc-4df5-a2f3-533c9dbdcd1b,jose.melgoza@supremecomfortaz.com,Supreme Comfort LLC,,hvac contractor,Phoenix,,
17dcef46-585f-4648-b182-17a3555df297,info@gladiateair.com,Gladiate Air Conditioning & Heating LLC,,hvac contractor,Phoenix,,
0a83f9a1-a56a-44bd-851d-ff3f24e9e963,info@yrcomfort.com,YR Comfort Heating & Cooling,,air conditioning contractor,,,
59b94bcb-13b7-49b5-a719-343cdd726947,robert@sundanceaz.com,Sundance Air Heating & Cooling,,hvac contractor,,,
8542bcd9-4cf8-4ace-b6c2-b7ece2884aa9,info@cooleyscomfort.com,Cooley's Comfort,Cooley,hvac contractor,Laveen Village,,
d2189343-3677-421b-87b2-319c407dd8af,kaz@78degreesinc.com,78 Degrees Inc,,hvac contractor,Phoenix,,
9392939e-99ca-4306-8029-f1164bd92591,desertskyac@gmail.com,Desert Sky Ac & Heating LLC,,hvac contractor,,,
f79c6c58-168e-4364-bfb0-7fcb41b1248c,support@sovereign-electric.net,Sovereign Electric & HVAC,,electrical installation service,Tucson,,
c52587ca-ac38-4b62-a137-bdce2308240e,contact@sonoranhvac.com,Sonoran HVAC and Plumbing Solutions,,hvac contractor,Tucson,,
7ecb7666-f300-4589-b25d-4b6339a53f02,info@rwmechanicalvegas.com,RW Mechanical Inc.,,air conditioning contractor,Las Vegas,,
dad69f74-99b9-403a-a1a8-cda76d0845d8,info@thecoolingco.com,The Cooling Company - Summerlin HVAC & Plumbing,,hvac contractor,Las Vegas,,
e485bb9a-3701-43f8-93d3-24dcef16bd73,contactus@hchoodsnkitchen.com,Commercial Vent Hood Restaurant,,hvac contractor,,,
b1d615b4-72f5-4591-9c11-242c1256b143,farrellmechanicalaz@gmail.com,Farrell Mechanical LLC,,hvac,,,
0b6edcc7-5ec6-4794-9367-c39c115ac410,info@hvacrfinest.com,HVAC/R FINEST LLC,,hvac contractor,,,
384b5642-f74f-4384-b1dd-39719f1ec5de,hvac@firenicelv.com,Fire-N-Ice Heating and Air Conditioning,,hvac,Las Vegas,,
d7e9ae1b-0818-41e8-954c-47c8bb87d786,info@brindomechanical.com,Brindo Mechanical LLC,,hvac contractor,,,
7a99bff0-e0de-4cea-b86e-a5c2e02d7cf2,info@quirozave.com,QuiroZave Inc,,hvac contractor,Dallas,Texas,
2d5f73f9-c77d-425d-a924-88070108b8c2,support@webador.com,Vegas HVAC Solutions,,hvac,Las Vegas,,
b21e84ef-ad5a-443c-8d62-db3c4758e5ae,dave@lakecityair.com,Lake City Air Conditioning,,hvac,Las Vegas,,
a891d7aa-8914-4ccd-8ecd-d89b6430e599,subzeroslv@hotmail.com,Sub Zero's air conditioning repair,,hvac,,,
5f3e0b8c-e373-4f6a-89de-58e4fdb41d06,airemechanicalsolutions@gmail.com,Aire Mechanical Heating & Air,,hvac contractor,,,
9d002d3d-b015-4fbd-a692-8f5be1a763a8,hot_cool_dfw@outlook.com,Hot & Cool Heating and Air Conditioning LLC,,hvac contractor,,,
432ee085-bd19-47bc-ac0e-d1d0258a0bee,ivanibanez@grove-mechanical.com,Grove Mechanical Services Llc,,hvac contractor,,,
a6c0372d-1dc1-4621-92ac-043bb6d7f42e,pacificwestlv@gmail.com,Pacific West Air Conditioning & Heating LLC,,hvac,Las Vegas,,
6ae54950-0b1e-454f-8b94-8454872a371f,vnw25info@gmail.com,V&W Heating and Air Conditioning,,hvac,,,
864f00b3-05ef-47d1-8dea-5b86743467b6,vegashvacsolutions@gmail.com,Vegas HVAC Solutions,,hvac,Las Vegas,,
b8d63738-5c56-4d4b-a919-a7053aa91fec,lakecityac@embarqmail.com,Lake City Air Conditioning,,hvac,Las Vegas,,
9ebe50d2-7cdc-4cf0-8aa3-121b6232b2de,aaron@ellisac.com,Ellis AC & Furnace Repair,,hvac contractor,Dallas,Texas,
82b9b71a-c4af-4a38-87f6-618340ff77d4,contactus@acexpertsaz.com,A/C Experts,,hvac,Tempe,Arizona,
d36e2285-2d5d-4a62-b558-6384d164c15f,service@waterheaterdallastx.com,WA ter heater-dallas TX,,hvac contractor,Dallas,Texas,
afaff128-5e5a-4bf8-8bd2-e93a4d44d111,info@capeshoreplumbing.com,Cape Shore Plumbing and Services  Inc.,,plumbing,FL,FL,
7fdc1275-5c09-4ca3-904e-7a4aecb95d98,info@kirkwoodelectric.com,Kirkwood Electric,,electrical,Cape Coral,Florida,
752ae357-3338-4f6e-a441-c870c1de2660,info@accareheatair.com,A/C Care Heat & Air,,hvac,FL,FL,
93173f7e-7da1-47fd-ab6d-c4f372c042b5,info@highqualityheatingandair.com,High Quality Heating and Air  Inc.,,hvac,Tallahassee,Florida,
ea9bbf60-5e51-44e3-8919-5e9b7b3cae8e,info@cbellelectric.inc,C Bell Electric Inc,,electrical,FL,FL,
82ee513d-8bb0-43b4-9d9f-ac5624f5ff50,info@tampa-acservices.com,Tampa AC Services Inc,,hvac,Tampa,Florida,
79deaebe-0373-4069-8d4d-0149a7612bd1,info@kenhopeac.com,Ken Hope Air Conditioning & Heating  Inc.,,hvac,Gibsonton,Florida,
6498bf99-05da-4c77-974b-5f0bca91a4d9,info@bayshoreplumbing.net,Bayshore Plumbing Inc,,plumbing,Tampa,Florida,
58962480-18fb-4ce1-b148-e98e3fe3c8c2,info@fatherandsonac.com,Father and Son Air Conditioning and Duct Orlando,,hvac,Orlando,Florida,
c67356f8-6556-4a9f-acbc-a8ad0068c693,info@absolutebestplumbing.com,Absolute Best Plumbing,,plumbing,Orlando,Florida,
659e7283-4fce-4ba5-a1f4-1acc3a19aac2,info@904electric.com,Johnson Electric of Jacksonville Inc.,,electrical,Jacksonville,Florida,
a1f7c7f0-a110-4024-8c32-d33e2fd80b37,info@clearwaterplumbingwiz.com,Clearwater Plumbing Wiz,,plumbing,Clearwater,Florida,
39655a53-6726-42cc-a65d-9d35bda04284,info@mrrooter.com,Mr. Rooter Plumbing of Lakeland,,plumbing,FL,FL,
da15203d-9398-48aa-8733-875c4db15833,info@fullservicehomerlectricians.blogspot.com,Full Service Home Electrician Fort Lauderdale,,electrical,Fort Lauderdale,Florida,
378a97f8-3c07-45ee-892f-4fc6e85d7bcd,/@32.8853833,Moss Heating  Cooling & Plumbing,,hvac contractor,Dallas,Texas,
7761bbbf-cf05-45d0-8eab-4add804265ef,info@strongframeac.com,Strong Frame Air Conditioning,,hvac contractor,Dallas,Texas,
4b2529d1-e660-4737-abb0-8735b0d4a51a,hello@cleverfixit.com,CLEVERFIXIT,,hvac contractor,Dallas,Texas,
91c22ae8-4d2f-416a-83c8-14ba69d30c27,info@jjelectricalcontractors.com,J & J Electrical Contractors  LLC,,electrical,Miami,Florida,
d4fda968-56c6-4609-9ede-92345acd5cbc,info@bocacertifiedplumbingservice.com,Boca Certified Plumbing Service Inc,,plumbing,FL,FL,
13bc12da-e957-4df7-a0fd-db00ba96085f,info@all-pro-electrical.net,All-Pro Electrical LLC,,electrical,Pensacola,Florida,
fbf415bc-6299-4e67-964d-efc9bc6dd8c5,info@trustedtampahvacservices.com,Trusted Tampa HVAC Repair,,hvac,Tampa,Florida,
182414ad-65e0-4ed5-9b1c-dfa409a00a46,info@right-wayheatingandair.com,Right-Way Heating & Air  Inc.,,hvac,Riverview,Florida,
b93020bd-20d2-45bf-8f0a-459ae487bf7c,info@myeverydayelectric.com,Everyday Electric,,electrical,Tampa,Florida,
241a59bb-1406-45f8-8027-f535a6e1064c,info@comfortrequiresprecision.com,Precision Comfort HVAC Services,,hvac,Orlando,Florida,
41eeffff-188b-4605-9c2e-aaf136d1073e,info@allaroundelectricfl.org,All Around Electric,,electrical,Orlando,Florida,
87d093cb-25fe-4dbf-933a-58a186926a9f,info@randrelectric.com,R&R Electric,,electrical,Jacksonville,Florida,
9e809aac-ff2a-4e9a-b11d-a23a9df3a26f,info@dr.plumbing,Dr. Plumbing,,plumbing,Clearwater,Florida,
039c098a-6352-4798-aea9-474e00b4d034,info@apdrainservice.com,AP Drain Service LLC Plumbing And Septic,,plumbing,Lakeland,Florida,
437674f8-c2a0-4faf-a528-e87309d4424d,info@usmapid.org,Full Service Home Electrician,,electrical,Fort Lauderdale,Florida,
61e21e94-09ce-4f23-bb8b-ba84368671d5,alohaac@yahoo.com,Aloha Air Conditioning,,hvac,Las Vegas,,
d25a444e-5ef0-4368-8092-9b09f09a27b4,bfmech.hvac@gmail.com,BF Mechanical,,air conditioning contractor,Dallas,Texas,
66ea6a4c-d6b8-4217-9fc8-d40ad3afce3b,info@johnallenelectrical.com,John Allen Electrical LLC,,electrical,Pensacola,Florida,
48ce0fd1-4e05-4c98-825c-ee24806a1a12,info@kingdomcoolingandheating.com,Kingdom Cooling and Heating,,hvac,Brandon,Florida,
b9ca3139-fcf2-40fd-b054-3a7229ff712c,info@selectairconditioningservicesllcfl.hibuwebsites.com,Select Air Conditioning Services LLC,,hvac,FL,FL,
173f9829-ce1c-48da-a7ea-25dd5b3903a6,info@howelec.com,Howards Electrical Service Co.,,electrical,Tampa,Florida,
02f90447-de22-47b8-a115-bf02db18f361,info@discountairllc.com,Discount Air LLC,,hvac,Kissimmee,Florida,
ff35d847-b9d6-4f7a-b361-534453d1c378,info@jcaelectricalservices.com,JCA Electrical Services,,electrical,Orlando,Florida,
0887fa36-c73b-45fa-86d6-4b26925b11bc,info@jaxelectricalcontracting.com,Jax Electrical Contracting  Inc.,,electrical,Jacksonville,Florida,
d1bc8b49-0b05-42d0-9e5b-7898bb5bc672,info@pearcesplumbing.com,Pearce’s Plumbing Services,,plumbing,Clearwater,Florida,
589d1704-5360-4755-ab66-ec7034318699,info@fortlauderdaleelectricians.net,Fort Lauderdale Electricians,,electrical,Fort Lauderdale,Florida,
b71e3abf-b781-485f-bcea-723ad684ff1f,info@solelectricfla.com,Sol electric llc,,electrical,FL,FL,
32ef86a6-d8ca-48e2-892b-32b646c10216,email@company.com,Thor Industries,,hvac,,,
e41e26fe-e4ff-4eb0-9657-45e7a35665ef,service@thermalairsystems.com,Thermal Air Systems LLC,,hvac,,,
ecdb6777-20df-404f-b8b0-95e5cfc72b64,rtfthvac@gmail.com,Right the First Time HVAC  LLC,,hvac,,,
f819beee-2a49-4b08-9847-13f9745b093b,info@anytimeairinc.com,Anytime Air Conditioning  Inc.,,hvac,FL,FL,
8e7bc99e-005f-4f24-96eb-2006acbcc6a3,info@mastercraftfl.com,Master Craft Plumbing Contractors Inc,,plumbing,Daytona Beach,Florida,
46f3b3dc-fc50-477a-a4c0-5106fa05e596,info@sprplumbing.com,SPR Plumbing LLC,,plumbing,Melbourne,Florida,
1416697b-24ac-4b37-a767-68f501142897,info@reliableacrepairinbrandon.com,Reliable AC Repair Brandon,,hvac,Brandon,Florida,
b8045988-f5ff-4720-94e2-79dbecbccf45,info@quality-riverview.com,Express Air Duct Cleaning Riverview,,hvac,FL,FL,
905f1507-e530-43c2-8a44-6546374234f7,info@bateselectric.com,BATES ELECTRIC,,electrical,Tampa,Florida,
a3d1a89c-e0b0-4649-98ec-d7a3b10403b9,info@superb-kissimmee.com,Superb Air Duct Cleaning Kissimmee,,hvac,Kissimmee,Florida,
7dd87329-1cd9-4939-a0e8-84690c256f3d,info@allphaseselectricalsvc.com,All Phases Electrical Service,,electrical,FL,FL,
1bec6932-7af5-4017-9836-5a52b9073573,info@mecojax.com,Miller Electric Company,,electrical,Jacksonville,Florida,
9a2944fe-5dea-4b36-bd9e-afd6092a4cf9,info@pisanoplumbing.com,Vincent Pisano Plumbing  LLC,,plumbing,Clearwater,Florida,
be206ed9-e878-4543-8d5a-8f5a02436174,info@siriuselectric.net,Sirius Electrical Contractors  LLC,,electrical,Fort Lauderdale,Florida,
e5e43a35-57bb-463d-9497-7847a4efd092,info@flowtronelectric.com,Flowtron Electric Inc,,electrical,Fort Lauderdale,Florida,
f378e6d5-d2e8-4265-b8c6-be76735c4ba5,info@patriotplumbingpsl.com,Patriot Plumbing,,plumbing,Port St. Lucie,Florida,
17575b95-602e-4aec-864e-1866cbe0c6ed,info@everyphaseelectric.com,Every Phase Electric,,electrical,Vero Beach,Florida,
013f3a84-c6d5-447f-ad58-d074f6541519,info@airconditioningbyjb.com,JB’s A/C & Electrical,,hvac,Stuart,Florida,
6cba3c40-063f-4922-8a80-0d064e0b148e,info@reliableconstructionandplumbing.com,Reliable Construction & Plumbing,,plumbing,Spring Hill,Florida,
5ae8dbff-8d11-4779-8dd5-041341e53a39,info@keepfloridacool.com,Klein Cooling LLC,,hvac,FL,FL,
bb4a4555-c999-4379-bbd1-529bbc84742a,office@bvairco.com,BV Air Conditioning & Heating,,hvac contractor,Dallas,Texas,
e4d149a2-810c-4da2-99ed-6b7a60a8eaf6,info@greenac-ref.com,Greens Air Conditioning & Refrigeration,,hvac,Daytona Beach,Florida,
02b3494a-ff7c-4e15-9c28-280f6c0ff9da,info@certifiedplumbingservice.com,Certified Plumbing Services Inc.,,plumbing,FL,FL,
34300753-1ee6-4597-b3cb-8a1bb9df3441,info@nolanair.com,Nolan Air Heating & Cooling,,hvac,Brandon,Florida,
af82aa4c-d11b-4db9-a89a-731ebb0eba01,info@alwaysthereair.com,Always There Heating & Air,,hvac,Riverview,Florida,
f35ed4b5-05df-4ea1-b7e5-27c00d44653d,info@brightsparkelectric.com,Bright Spark Electric,,electrical,Tampa,Florida,
b5378b6e-80ce-4980-849d-0a02b80e40f7,info@airconditioningcontractorsllc.com,Air Conditioning Contractors LLC,,hvac,FL,FL,
79da85d6-91b5-4675-ad58-acc0621b04ec,info@acdcstatewide.com,AC DC Statewide Electric  Inc.,,electrical,Orlando,Florida,
909d5b51-65c7-472d-a347-76cc002cfd41,info@cortesec.com,Cortes Electric Inc | Jacksonville Electrician,,electrical,FL,FL,
ff686a80-5bb4-459a-a67f-05d9de63a6bb,info@3jsplumbingserviceinc.com,3 J’s Plumbing Service  Inc.,,plumbing,Clearwater,Florida,
b71d4a18-974e-45f8-8a30-2c00f4e245df,info@perfectelectricrepairs.com,Perfect Electric,,electrical,Fort Lauderdale,Florida,
b7cd0b77-bdec-4f6d-a65f-cd6640354e11,info@fortlauderdaleflelectrician.com,Burley Electrical Service,,electrical,FL,FL,
a45e9f45-7dbd-43df-af0a-4bbce085c5ff,info@totalplumbingbrevard.com,Total Plumbing Inc,,plumbing,Melbourne,Florida,
70e3ef20-b10e-484d-a9c5-c1c54b5cb35b,info@dawkinsplumbing23.com,Dawkins Plumbing & Backflow Services,,plumbing,FL,FL,
69db4ecc-79b3-4917-b245-5853b56263a7,info@jmcelectricfl.com,JMC Electric,,electrical,Vero Beach,Florida,
1586c6b1-2350-486e-86b8-108c55b92eef,info@ocalaplumbingservices.com,Ocala Plumbing Services,,plumbing,Ocala,Florida,
252d579c-9c11-4460-af19-40f8e6988367,info@1stchoiceplumbingincfl.com,1st Choice Plumbing Inc,,plumbing,FL,FL,
0f058130-1d35-4758-b1e0-3b3d35cd7c35,info@ecesddc.com,Earth Core Energy Services,,hvac,FL,FL,
f4d9e82d-77ca-4c89-b6ec-d774e02f0754,info@bakerdist.com,Baker Distributing | Florida Cooling Supply,,hvac,Daytona Beach,Florida,
29f2e619-ba19-453e-ab1a-d6cbdd375e6c,info@shiverairofbrandon.com,Shiver Air,,hvac,Mango,Florida,
63366ca5-1dc7-439b-a3b2-85097d40665d,info@choosecharterelectric.com,Charter Electric,,electrical,Tampa,Florida,
45ba6e59-8317-433c-9cf8-041fcdc33b32,info@ateamairconditioningrepair.com,A Team Air conditioning & HVAC Repair,,hvac,Kissimmee,Florida,
0ddc1e7d-c5fd-4b44-8d03-5af240de3a80,info@orlandoelectricianguys.com,Orlando Electrician Guys,,electrical,Orlando,Florida,
ddfa4277-0a9a-4452-b409-a8ac71a6c1f1,info@spectrumwireworks.com,Spectrum WireWorks,,electrical,Jacksonville,Florida,
770e477f-e36c-4aa4-b97f-2c65b31f3cb3,info@tampabayproplumbing.com,Tampa Bay PRO Plumbing LLC,,plumbing,Clearwater,Florida,
785333a8-5e06-40c2-905b-e92e3a6a3427,info@perfectelectricsolutions.com,Perfect Electric Solutions,,electrical,Fort Lauderdale,Florida,
e34f228e-b6f6-456c-8e8e-ea7c304c3785,info@maxwellelectric.net,Maxwell Electric,,electrical,Oakland Park,Florida,
69f2e3fe-6644-4454-a92a-fe61eb23b47b,info@dpservicesfl.com,Diversified Plumbing Services Daytona,,plumbing,Ormond Beach,Florida,
4c668311-de9f-4be6-917a-51dfa052fa53,info@eureka-plumbing.com,Eureka! Plumbing  Inc,,plumbing,Palm Bay,Florida,
1cfdf883-a1be-4a41-a18f-557c6ab2ccb9,info@casanoelectric.com,F V Casano Electrical Contractor,,electrical,Vero Beach,Florida,
7cc132bc-aec5-484d-8116-549932eb066e,info@whiteelectricvero.com,White Electric,,electrical,Vero Beach,Florida,
05a71dea-21fb-4780-b5bb-b9ea4947e41b,info@southernplbg.com,Southern Plumbing of Ocala Inc,,plumbing,Ocala,Florida,
51aca5a5-677c-4f79-a958-5a92de630f5b,info@suncoastsplumber.com,CDS Plumbing Services Suncoast,,plumbing,Spring Hill,Florida,
c11d103c-7934-4084-aad8-990f5790b9ce,info@heatingcomfortsystems.digital,H. HVAC VAN ECKERT ASSOCIATES  LLC,,hvac,Palm Coast,Florida,
95d8ca85-96a8-44f3-9963-446b92e53f7b,greencomfortac@gmail.com,Green Comfort Heating & Cooling  LLC,,hvac,Tucson,,
fac843eb-0c3d-45fa-acb7-e83ff6e720d2,markhcservice@gmail.com,Mark Heating & Cooling  LLC,Mark,hvac,,,
986bf9c8-9459-42d4-a1e6-c71c6e4db778,%20tomcomechanical@tomcomechanical.com,Pro-Tec Refrigeration  Inc,,hvac,Phoenix,,
3e12b947-470d-46c0-89e9-8b7a2aab39a5,vegasbornacappliances@gmail.com,Vegas Born AC & Appliances LLC,,hvac,,,
dc71d269-5e78-4413-a456-70e6eb1892d0,info@carrierenterprise.com,CE (Carrier Enterprise) - Daytona,,hvac,Daytona Beach,Florida,
9749b15b-67f5-44ac-a94d-2847ab6eb9dd,info@ferguson.com,Ferguson Plumbing Supply,,plumbing,Daytona Beach,Florida,
ae680382-838d-4717-8cb0-be74634f7658,info@brandonhvacexpertsplus.com,Brandon HVAC Repair Plus,,hvac,Brandon,Florida,
8461fff1-5703-45d9-9f23-158799493fea,info@nicehvacacrepairriverview.com,NiceHVAC AC Repair Riverview,,hvac,Riverview,Florida,
8eba828b-b000-4bde-aa79-f70cacfa1570,info@allphaseelectricfl.com,All Phase Electric & Maintenance Inc,,electrical,Tampa,Florida,
cd724173-5a2d-4e63-84a0-2679615a5025,info@aireserv.com,Aire Serv,,hvac,Kissimmee,Florida,
ac695097-3a9a-4d89-86bb-0f1d91d39372,info@prestigeelectric.net,Prestige Electric Co-Florida,,electrical,Orlando,Florida,
e130e79e-3d59-4dc8-b7ba-e7ff222083a4,info@qualityelectricalservice.com,Quality Electrical Service,,electrical,Jacksonville,Florida,
0cb08912-3065-4b67-9a5d-3c7f63f1def5,info@centerstateplumbing.com,Centerstate Plumbing Services  LLC,,plumbing,Lakeland,Florida,
ada90362-5bbc-43b6-a081-5db4f4be7b84,info@envisionelectricalsolutions.com,Envision Electrical Solutions,,electrical,Fort Lauderdale,Florida,
33266bf6-7e06-4136-b062-089c1a4e6f96,info@prideac.com,Pride Air Conditioning of Port St Lucie,,hvac,Port St. Lucie,Florida,
817d9f4f-a2ed-4f58-88b5-1c4c4badf035,info@courtneyelectric.com,Courtney Electric LLC,,electrical,Vero Beach,Florida,
19dffe74-7150-4cb0-af9b-a6c8100a838b,info@arkelectricfl.com,Ark Electric,,electrical,Vero Beach,Florida,
7e51a474-5c4f-4398-993e-ae2b422cc22e,info@chetcraigplumbing.com,Chet Craig Plumbing  Inc.,,plumbing,Ocala,Florida,
6774fb6f-3295-448a-9cbf-b1632d5e06d0,info@chuckhendersonplumbing.com,Chuck Henderson Plumbing Inc,,plumbing,FL,FL,
28441ac5-ffe0-436c-8e9e-11c5c350851f,info@beach-air-conditioning-contractors.ueniweb.com,Beach Air Conditioning Contractors,,hvac,FL,FL,
4bfc7a56-ed0c-4b68-adf2-31aeac66aa0c,info@flhvaccontractor.com,The Right Way Air Conditioning,,hvac,FL,FL,
4e4858a7-978c-4c01-b8dd-bd4c8c74d8e7,info@cool-breeze.pro,CoolBreeze Technicians LLC,,hvac,FL,FL,
bfbc7ff1-0008-4abe-8eb4-241c7d3b613f,info@weilelectric.com,Weil Electrical Services Inc.,,electrical,FL,FL,
e3643388-4eb6-4f90-b7cb-97e4327cf813,info@orlandoairheat.com,Orlando Air & Heat,,hvac,FL,FL,
ee9f2548-0cb8-4957-baa1-90bcabd6bee2,info@wilsonelectricalcontractorsfl.com,Wilson Electrical Contractors  LLC,,electrical,Orlando,Florida,
d2574821-43f8-4f06-9635-8c22a9209f26,info@mandrhvac.com,M&R Air Conditioning,,hvac,St. Petersburg,Florida,
53959e75-d231-4471-827a-83b9f7559fb2,info@rickmooreplumbing.com,Rick Moore Plumbing,,plumbing,FL,FL,
4539bd0b-93b9-460b-91c3-5e295ce07230,info@tmpelectricllc.com,TMP Electric LLC,,electrical,Oakland Park,Florida,
1514d991-6c8c-4ba0-ac05-c94a8ef47305,info@waterworks-contractors-inc.ueniweb.com,Waterworks Contractors,,plumbing,FL,FL,
e74a5296-a13d-4de4-8bd7-080d3ee86908,info@portstlucieplumbinginc.com,Port St Lucie Plumbing Inc,,plumbing,Port St. Lucie,Florida,
eeda20d5-5807-4fde-9790-686f382dcd77,info@thompsonselectric.com,Thompson's Electric,,electrical,Vero Beach,Florida,
edeadc16-c65d-4d57-8930-ba3dd5c274e7,info@caribbeanconectelectricllc.com,Caribbean Connect Electric LLC,,electrical,Vero Beach,Florida,
0d5c64fb-0609-4c81-a684-05484f66550c,info@reputableteam.com,Reputable Plumbing,,plumbing,Ocala,Florida,
c180c44f-ae60-4445-a339-5bdfb80fb6e8,info@hernandoplumbing.com,Hernando Plumbing,,plumbing,FL,FL,
4c1e2960-f2a1-47fb-bc53-3772be96f29a,info@rescoac.com,RESCO - A/C & HEAT,,hvac,Daytona Beach,Florida,
b4bc8620-d699-4eec-b2ad-ebb5bd59dc08,info@completeproair.com,Complete Pro Air,,hvac,Riverview,Florida,
a063d015-9719-4411-b3cf-4d21e5139966,info@southtampaplumbing.com,South Tampa Plumbing,,plumbing,FL,FL,
4038a3fd-165d-4584-97fc-1ec0cd088c7e,info@superiorelectrictampa.com,Superior Electric Co.,,electrical,Tampa,Florida,
0f7baa7e-ecb3-4605-a74f-571d91889379,info@ngenservices.com,NGEN Services,,hvac,Kissimmee,Florida,
caf46ca6-c212-4bbb-9c5e-a6f042802acd,info@precisionplumbingflorida.com,Precision Plumbing,,plumbing,Jacksonville,Florida,
971eec6e-6128-4560-b442-0cb10208f636,info@titanium-air.net,Titanium Air,,hvac,St. Petersburg,Florida,
7f8ad323-cdd3-4a62-b29b-6fd66dc41f77,info@purestreamgroup.com,Lakeland Supreme Plumbing FL,,plumbing,Lakeland,Florida,
2bbc6890-72c0-4069-a81b-ea31ab6df707,info@barrettelectric.net,Frank Barrett Electric,,electrical,Fort Lauderdale,Florida,
10bc0576-710b-42f4-bf8d-7cfd339c1077,info@portorangeplumbing.com,Port Orange Plumbing  Inc.,,plumbing,FL,FL,
4950adad-de6b-4646-a445-89d5d6add4aa,info@saltwaterplumbing.com,Salt Water Plumbing  LLC,,plumbing,FL,FL,
95f624fd-4412-404b-a056-4aeafe98f4df,info@theverobeachelectrician.com,Roland's Electric,,electrical,FL,FL,
8ef2f13b-ccde-4fc7-8906-7ff547fc3dc1,info@coastalacstuart.com,Coastal Heating & Air Conditioning,,hvac,Stuart,Florida,
f7f0b62a-1d5a-4574-8ef2-73b3c3ed13d0,info@ironshieldplumbing.com,Iron shield plumbing LLC,,plumbing,Ocala,Florida,
18300ad7-09d1-4af3-b8aa-8a7304294ee7,info@wayneshomeserviceswfl.com,Wayne's Home Services,,plumbing,Spring Hill,Florida,
956510f1-570a-423d-a43c-2f86847d6f4f,info@southerncomfortfl.com,Southern Comfort HVAC  LLC,,hvac,South Daytona,Florida,
3e7438dc-7cdf-4189-9970-1260e1fc5c34,info@airceecooling.com,Air Cee Air Conditioning  Heating & Refrigeration,,hvac,FL,FL,
f62ee0e8-a4fd-4ae6-943a-693b3ccb547e,info@thesunshineplumbers.com,Sunshine Plumbers of Tampa,,plumbing,Tampa,Florida,
70e22d49-2f33-4503-84d7-31bf5d9d4621,info@electricianswhocare.com,Happy Home Electric,,electrical,Tampa,Florida,
f291b899-41b7-47d4-8c3b-97c55513a8fe,info@daikincomfort.com,Daikin Comfort,,hvac,Kissimmee,Florida,
6cc61180-e7ed-43da-a132-05480df2183b,info@monumentplumbing.com,Monument Plumbing Operations,,plumbing,Jacksonville,Florida,
21b69a6a-93e3-4d2f-987e-a2047e61386e,info@glacierbayac.com,Glacier Bay AC & Refrigeration,,hvac,St. Petersburg,Florida,
aba0609c-9433-404f-af7a-7b5ae4aa7433,info@originalplumber.com,Pro plumbing LLC,,plumbing,Lakeland,Florida,
0c154265-f8e6-4a27-87e7-d1eef7cb64b9,info@premierelectricalservs.com,Premier Electrical Services of Fort Lauderdale,,electrical,Fort Lauderdale,Florida,
8158aa55-61bc-4a80-9e64-1f096b29fba5,info@spacecoastplumbinginc.com,Space Coast Plumbing Inc,,plumbing,Melbourne,Florida,
09a873f7-f082-4284-b11d-e83798a29361,info@traditionplumbingllc.com,Tradition Plumbing  LLC,,plumbing,Port St. Lucie,Florida,
22466b4d-00a1-45ff-ae72-d03c79255095,info@bipelectric.com,Bip DiPietro Electric,,electrical,Vero Beach,Florida,
b645609b-bbd4-464a-93c7-98a214438284,info@rocky-hvac.com,Rocky HVAC FL LLC,,hvac,Stuart,Florida,
f80a1ad1-a578-4ef3-99f7-d468e12e09e5,info@mrlouisplumbing.com,MR. LOUIS PLUMBING,,plumbing,Ocala,Florida,
fbf3788c-a351-4a82-9f68-7f42e2f24e8b,info@airconditioningservicesofflagler.com,Air Conditioning Services of Flagler llc,,hvac,Palm Coast,Florida,
f36cf3e7-f71d-4d6c-b056-6b4ed2c04f07,info@johnstonesupply.com,Johnstone Supply,,hvac,Daytona Beach,Florida,
5cb5c8ad-793b-4e6a-ab9d-0f7d2ae0e528,info@dhplumbing.com,Doug Hambel's Plumbing  Inc.,,plumbing,Melbourne,Florida,
8a919b0e-55c3-4c62-8c44-a7ea273b6abb,info@swiftlineplumbing.com,Swiftline Plumbing LLC,,plumbing,Port St. Lucie,Florida,
2dc0fbb7-6ae3-4af2-8c50-1c4a4dd82ea6,info@allsuncoastelectric.com,All Suncoast Electric  Inc,,electrical,Vero Beach,Florida,
c230d90d-dd42-4795-b378-f1de1770dcd5,info@eliteairtemperaturecontrolstuart.com,EliteAir AC Repair Stuart,,hvac,Stuart,Florida,
8fae953d-59b3-4b01-84df-682165fefa08,info@premierplumbingandleakdetection.com,Premier Plumbing & Leak Detection  LLC,,plumbing,Ocala,Florida,
5e80b644-ec52-46b4-8ed7-dec26cb51c82,info@weberac.com,Weber Air & Heat,,hvac,Palm Coast,Florida,
0e580b8d-a9cc-4365-af1e-ef182d2bb069,info@daytonaplumb.com,Daytona Plumbing,,plumbing,Daytona Beach,Florida,
391bd5e3-6e2c-4f32-b99c-5e8c1c6dec32,info@walkerplumbing.com,Walker Plumbing Services Inc.,,plumbing,Melbourne,Florida,
